RegionName,State,SizeRank,1996-04,1996-05,1996-06,1996-07,1996-08,1996-09,1996-10,1996-11,1996-12,1997-01,1997-02,1997-03,1997-04,1997-05,1997-06,1997-07,1997-08,1997-09,1997-10,1997-11,1997-12,1998-01,1998-02,1998-03,1998-04,1998-05,1998-06,1998-07,1998-08,1998-09,1998-10,1998-11,1998-12,1999-01,1999-02,1999-03,1999-04,1999-05,1999-06,1999-07,1999-08,1999-09,1999-10,1999-11,1999-12,2000-01,2000-02,2000-03,2000-04,2000-05,2000-06,2000-07,2000-08,2000-09,2000-10,2000-11,2000-12,2001-01,2001-02,2001-03,2001-04,2001-05,2001-06,2001-07,2001-08,2001-09,2001-10,2001-11,2001-12,2002-01,2002-02,2002-03,2002-04,2002-05,2002-06,2002-07,2002-08,2002-09,2002-10,2002-11,2002-12,2003-01,2003-02,2003-03,2003-04,2003-05,2003-06,2003-07,2003-08,2003-09,2003-10,2003-11,2003-12,2004-01,2004-02,2004-03,2004-04,2004-05,2004-06,2004-07,2004-08,2004-09,2004-10,2004-11,2004-12,2005-01,2005-02,2005-03,2005-04,2005-05,2005-06,2005-07,2005-08,2005-09,2005-10,2005-11,2005-12,2006-01,2006-02,2006-03,2006-04,2006-05,2006-06,2006-07,2006-08,2006-09,2006-10,2006-11,2006-12,2007-01,2007-02,2007-03,2007-04,2007-05,2007-06,2007-07,2007-08,2007-09,2007-10,2007-11,2007-12,2008-01,2008-02,2008-03,2008-04,2008-05,2008-06,2008-07,2008-08,2008-09,2008-10,2008-11,2008-12,2009-01,2009-02,2009-03,2009-04,2009-05,2009-06,2009-07,2009-08,2009-09,2009-10,2009-11,2009-12,2010-01,2010-02,2010-03,2010-04,2010-05,2010-06,2010-07,2010-08,2010-09,2010-10,2010-11,2010-12,2011-01,2011-02,2011-03,2011-04,2011-05,2011-06,2011-07,2011-08,2011-09,2011-10,2011-11,2011-12,2012-01,2012-02,2012-03,2012-04,2012-05,2012-06,2012-07,2012-08,2012-09,2012-10,2012-11,2012-12,2013-01,2013-02,2013-03,2013-04,2013-05,2013-06,2013-07,2013-08,2013-09,2013-10,2013-11,2013-12,2014-01,2014-02,2014-03,2014-04,2014-05,2014-06,2014-07,2014-08,2014-09,2014-10,2014-11,2014-12,2015-01,2015-02,2015-03,2015-04,2015-05,2015-06,2015-07,2015-08,2015-09,2015-10,2015-11,2015-12,2016-01,2016-02,2016-03,2016-04,2016-05,2016-06,2016-07,2016-08,2016-09,2016-10,2016-11,2016-12
United States,NA,0,65,65,65,65,65,65,65,65,65,65,65,66,67,67,66,67,67,67,68,68,68,69,69,70,70,70,70,70,70,71,71,71,71,72,72,73,73,73,74,74,74,75,75,75,76,76,77,77,78,79,79,80,80,80,81,81,82,82,83,83,83,83,84,85,85,85,86,86,86,87,87,88,88,88,89,89,90,90,91,91,92,92,93,93,94,95,95,96,96,97,98,98,99,100,100,101,102,103,104,105,105,106,107,108,110,111,113,114,115,116,117,118,119,121,122,123,124,125,126,127,128,128,128,129,129,130,130,130,130,130,131,131,131,131,131,130,130,129,128,127,126,126,124,123,122,122,121,119,118,117,117,116,115,114,113,113,111,110,109,109,108,108,107,106,106,105,105,105,104,103,104,103,103,102,101,101,100,100,100,99,99,98,98,97,97,96,96,96,96,95,95,96,97,97,97,97,97,97,97,98,99,99,99,100,100,101,101,102,103,103,104,105,105,106,106,107,107,107,108,108,108,109,109,109,109,110,110,111,112,112,112,113,114,114,115,115,116,117,117,117,118,119,120,120,120,121,122,123,123
New York, NY,1,103,103,103,102,102,102,102,102,102,103,104,104,105,105,105,106,106,106,107,108,108,109,110,111,111,111,111,112,112,112,113,113,114,115,116,117,118,119,120,120,121,123,125,126,127,129,130,132,133,134,135,137,138,139,140,141,143,144,146,147,149,150,151,152,154,156,158,159,160,162,161,161,162,164,166,168,170,173,175,177,179,180,183,185,187,189,193,197,199,201,203,204,207,211,214,216,218,221,223,226,228,231,234,237,239,241,244,248,252,254,257,259,261,263,265,267,269,270,272,274,275,276,277,277,277,277,277,277,276,275,275,275,275,274,273,272,271,270,269,269,268,268,266,263,261,259,257,255,253,252,250,248,246,245,245,243,241,239,237,236,235,234,233,232,232,231,230,229,229,228,227,227,227,226,224,223,222,221,220,219,218,218,217,216,215,214,213,212,212,211,210,209,209,209,209,209,210,210,210,210,211,211,211,211,212,213,214,215,216,218,218,219,219,220,220,221,222,223,224,224,224,224,225,224,225,226,226,226,227,227,228,229,230,230,231,232,233,233,234,235,236,236,237,238,240,241,242,243,244
Los Angeles-Long Beach-Anaheim, CA,2,116,117,117,116,116,116,116,116,116,117,118,119,119,119,119,119,119,119,120,121,121,122,124,124,123,123,125,129,131,132,133,134,135,136,136,137,139,140,140,141,142,143,144,145,146,147,149,150,152,153,154,155,156,157,159,160,162,163,165,167,169,170,171,172,173,176,178,180,182,184,186,188,190,193,196,199,202,205,208,211,215,219,222,225,229,232,235,238,241,246,250,255,260,266,272,278,285,294,302,310,317,322,326,330,333,337,340,344,349,354,359,365,371,377,383,389,392,395,397,400,401,402,404,405,406,405,404,403,402,401,400,399,399,397,394,391,389,386,382,378,373,367,361,354,346,339,331,323,316,310,305,300,295,290,285,281,278,275,272,271,271,270,270,270,272,276,279,279,279,280,279,278,277,275,274,274,273,272,270,269,268,266,264,262,260,259,258,257,257,256,256,256,257,259,261,264,266,268,270,272,275,278,282,287,293,299,305,310,314,319,323,325,327,328,329,332,334,335,336,338,340,342,343,343,344,346,348,351,353,354,355,357,359,361,363,366,368,370,372,374,376,377,379,381,383,384,387,390,392
Chicago, IL,3,94,94,94,95,94,94,94,94,95,95,96,96,96,96,96,97,97,98,98,98,98,99,99,100,100,100,100,100,100,101,101,101,102,102,102,103,103,104,104,104,105,105,107,107,108,109,109,110,111,112,112,112,113,114,115,115,116,117,118,119,120,121,122,122,123,124,125,125,126,127,128,129,129,130,131,131,132,133,134,135,136,138,139,140,141,142,144,145,146,147,147,147,148,149,149,150,151,152,153,153,154,156,157,158,157,155,154,155,156,157,158,159,160,160,161,163,163,165,166,166,167,167,168,168,168,169,169,169,169,170,170,170,170,170,170,169,169,168,167,166,166,165,164,163,162,161,160,158,156,155,154,152,151,150,149,147,146,144,143,142,141,140,140,139,139,139,138,137,135,135,134,133,131,130,129,127,126,125,124,124,123,121,120,119,119,119,118,116,115,114,114,114,113,114,114,114,114,114,114,114,114,114,114,115,115,116,117,118,119,120,120,121,122,122,122,123,123,124,124,125,125,126,126,126,126,126,126,127,127,128,128,128,129,129,129,130,130,130,131,132,132,133,134,134,135,135,136,136,137
Dallas-Fort Worth, TX,4,52,52,52,52,52,52,52,52,52,53,53,53,52,53,53,53,53,54,54,54,54,55,55,55,56,55,55,55,56,56,56,56,56,57,57,58,58,59,59,60,60,60,61,61,62,62,62,62,62,63,62,62,62,62,63,63,64,64,64,64,65,65,65,65,65,66,66,66,67,67,67,67,68,67,68,68,69,68,69,69,70,70,70,70,70,70,69,70,70,71,70,70,70,71,72,72,73,74,74,74,75,75,75,75,76,76,77,77,77,77,77,77,77,77,77,77,77,78,78,79,79,79,79,79,79,80,80,81,81,80,80,80,81,81,81,81,81,81,81,82,81,81,80,80,79,78,77,77,77,76,76,76,75,75,74,74,74,73,73,72,72,72,72,72,73,75,75,75,75,76,76,75,75,75,75,74,74,73,74,74,74,74,73,73,72,72,72,72,72,72,73,73,73,73,73,74,74,74,74,74,75,75,75,75,76,76,77,77,78,78,79,80,80,80,80,81,81,82,82,82,83,84,84,85,85,86,86,87,89,90,91,92,93,94,95,96,97,98,99,100,101,102,104,106,106,107,107,108,109
Philadelphia, PA,5,68,68,68,68,68,67,67,67,67,67,68,68,68,68,69,69,69,68,68,68,68,69,69,70,70,70,70,70,70,69,70,70,70,70,71,71,71,72,71,72,72,73,73,73,73,74,74,75,76,76,77,77,77,78,78,79,79,80,80,80,80,81,82,82,83,83,84,84,85,86,87,88,89,89,90,91,91,93,94,95,96,97,98,99,100,101,102,104,105,106,107,108,109,110,112,113,114,116,117,118,120,121,123,124,126,128,129,130,132,133,135,136,138,139,140,142,143,144,144,145,146,147,147,147,147,148,148,148,148,147,148,148,148,148,148,148,148,147,146,146,146,145,144,144,143,143,142,142,141,141,141,139,139,139,138,138,138,137,136,135,135,135,134,135,135,135,135,135,135,135,134,133,132,131,131,130,130,129,129,128,128,127,126,125,125,124,124,123,123,123,123,122,122,122,122,122,122,122,122,123,123,123,123,123,123,124,124,124,124,124,124,124,125,125,126,126,126,126,127,127,127,127,127,127,127,126,126,127,127,127,128,128,130,130,130,130,131,130,130,130,130,131,131,132,133,133,134,135,135
Houston, TX,6,,,,,,,,,,,,,,,,,,,,,,,,,,,,,,,,,,,,,,,,,,,,,,,,,,,,,,,,,,,,,,,,,,,,,,,,,,,,,,,,,,,,,,,,,,,,,,,,,,,,,,,,,,,,,,,,,,,,,,,,,,,,,,,,,,,,,,,,,,,,,,,,,,,,,,,,,,,,,,,,,,,,,,,,69,70,69,69,69,68,68,68,67,67,67,67,67,67,67,67,66,66,66,66,65,65,66,66,66,66,66,66,66,66,66,66,66,66,66,67,67,68,68,69,69,69,70,71,71,72,72,73,74,74,75,75,76,76,76,77,78,78,79,79,80,81,82,82,83,84,84,85,85,86,86,87,88,88,89,89,90,90,91,91,91,91
Washington, DC,7,96,96,96,95,95,95,95,95,95,95,96,96,96,96,96,96,96,96,96,97,97,98,98,98,99,99,99,98,99,99,99,99,100,100,101,101,101,102,102,103,103,104,105,105,106,107,108,109,110,111,112,112,113,113,114,116,117,118,120,121,123,124,125,127,128,130,131,132,133,135,137,138,140,141,143,145,147,149,151,152,154,156,158,160,162,163,165,167,169,171,173,176,178,181,183,186,190,194,198,202,207,211,215,220,224,228,233,236,241,245,250,254,257,260,263,265,267,268,268,269,269,269,268,267,266,265,264,263,262,261,261,260,260,259,258,257,255,253,251,249,246,243,239,236,233,230,226,224,221,218,216,213,211,208,206,204,202,200,199,197,196,195,194,194,195,197,199,198,198,198,197,196,196,195,194,194,193,192,191,191,190,190,190,190,190,190,189,189,189,188,188,189,189,190,190,191,192,193,194,194,195,196,197,198,200,201,203,204,207,208,209,210,210,210,211,213,213,214,215,216,216,216,216,216,217,217,217,218,218,219,220,220,220,220,220,221,222,222,223,224,224,225,225,225,226,227,229,230,232
Miami-Fort Lauderdale, FL,8,67,67,67,67,67,66,66,66,66,66,67,67,68,68,68,68,68,68,68,68,69,69,70,70,70,69,70,70,71,70,71,71,71,71,72,72,72,72,73,73,73,73,74,74,74,75,75,76,76,77,77,78,78,79,79,80,80,81,82,83,85,85,86,86,87,89,90,91,92,93,95,96,97,98,99,100,102,103,104,106,107,109,110,111,112,113,115,116,117,119,120,121,123,125,127,129,131,134,137,140,142,146,149,152,155,158,162,166,170,175,180,184,189,193,196,199,202,204,206,208,210,210,211,211,211,211,210,210,209,207,206,206,204,203,200,198,196,194,191,188,185,181,177,173,168,164,159,155,151,146,142,137,133,130,127,124,120,117,115,113,112,111,110,109,110,111,111,109,108,107,107,107,105,104,103,102,101,99,99,98,98,98,98,97,97,96,96,96,96,95,96,97,98,99,99,100,101,101,102,103,104,105,106,107,108,110,111,113,115,117,118,120,121,122,123,124,125,126,128,129,130,131,133,134,136,137,138,139,140,142,143,145,146,148,149,151,151,152,153,154,155,156,158,159,161,161,163,164,165
Atlanta, GA,9,59,58,59,59,59,59,60,60,61,61,61,61,61,62,62,62,62,63,63,63,63,64,64,65,65,65,66,65,66,66,66,67,67,68,68,68,69,69,70,70,71,71,71,72,72,73,73,74,74,75,75,76,76,77,77,77,78,78,79,79,80,80,80,81,81,82,82,83,83,83,83,83,84,84,84,84,85,85,85,85,85,86,86,87,87,87,87,87,87,87,88,88,89,89,89,89,89,89,89,90,90,90,90,91,91,92,92,92,93,93,93,94,94,94,95,95,96,96,96,96,97,97,97,98,98,98,99,99,99,98,98,98,98,98,97,97,97,97,97,97,96,96,95,94,93,93,92,91,90,89,88,87,86,85,85,84,84,83,83,82,82,81,80,80,80,81,81,81,81,80,80,79,78,77,76,76,75,73,72,72,71,70,70,69,68,68,67,66,66,66,67,66,66,65,66,66,66,66,67,68,69,69,69,69,70,70,70,71,73,74,74,75,76,76,76,77,78,78,78,79,80,80,81,81,82,82,83,83,84,84,85,86,86,87,88,88,89,89,90,91,91,91,92,93,93,93,94,95,95
Boston, MA,10,96,96,96,96,96,96,96,97,97,98,99,99,100,100,101,101,101,102,103,103,105,106,107,108,109,109,110,111,112,113,114,115,116,117,118,119,121,122,124,125,126,128,129,131,132,133,136,138,140,142,144,146,148,150,152,154,156,158,160,162,164,166,168,170,172,174,176,178,179,181,182,184,185,187,189,191,193,195,197,199,201,203,205,206,208,209,210,210,212,213,214,216,217,219,220,222,223,225,227,229,230,232,233,235,236,238,239,241,243,244,245,245,245,245,246,246,245,245,244,243,242,241,240,239,238,236,235,234,233,232,232,232,231,230,229,228,228,227,226,225,224,223,222,220,218,216,214,214,213,212,210,208,207,205,204,202,201,200,200,200,200,200,201,201,202,203,203,203,204,205,205,204,204,204,203,201,201,201,200,200,200,200,199,198,198,197,196,196,196,196,195,194,195,196,196,196,197,197,198,199,200,200,202,204,205,206,207,208,209,210,212,213,214,215,216,217,218,220,221,222,223,224,225,225,225,225,227,228,229,230,231,232,234,235,236,237,239,240,241,242,242,244,245,245,246,248,249,251,253
San Francisco, CA,11,143,143,143,143,143,144,144,144,144,146,147,148,149,150,151,153,154,155,157,158,160,162,163,166,166,165,166,170,172,174,175,177,178,180,182,182,184,187,190,194,197,200,204,207,211,215,219,224,229,235,240,244,248,252,256,261,266,269,272,276,278,279,279,278,278,278,278,279,278,278,280,281,284,287,290,293,297,300,302,304,306,308,309,310,312,313,313,314,317,320,323,326,331,335,339,344,350,355,362,368,374,380,386,392,398,405,412,418,424,430,435,440,444,448,451,453,455,456,456,457,456,455,454,454,454,454,454,454,453,452,453,453,453,452,450,448,446,443,439,434,428,422,415,409,402,395,388,382,375,368,363,357,353,351,348,344,340,336,333,331,330,330,329,328,329,330,330,329,329,329,331,330,329,327,326,325,323,320,316,313,310,309,307,305,304,303,302,303,303,303,303,304,305,308,311,313,317,321,326,330,335,339,344,352,362,372,380,388,393,396,399,402,405,408,411,414,417,420,424,428,432,436,439,443,446,451,457,464,470,474,477,481,485,490,495,498,502,507,512,515,515,515,515,517,520,523,527,530,532
Detroit, MI,12,81,82,82,82,82,81,80,80,81,81,81,81,82,82,82,83,83,84,84,85,85,85,86,87,87,87,88,88,89,89,90,91,91,92,92,93,94,94,95,95,96,97,98,98,99,99,100,100,101,102,102,102,103,104,104,105,105,105,106,107,107,108,108,109,109,110,110,111,111,111,112,112,113,113,113,113,113,114,114,114,114,115,116,116,116,116,116,117,117,117,117,117,118,118,119,119,119,119,119,119,120,120,120,120,120,120,121,121,121,121,121,122,122,121,121,121,122,121,121,120,120,120,119,118,117,117,116,116,115,114,114,113,112,110,109,108,107,106,105,105,104,102,101,99,98,96,94,92,91,89,87,86,84,82,81,80,78,77,75,75,73,72,71,70,70,70,70,69,69,69,69,68,68,67,66,65,65,64,64,63,63,63,62,62,61,61,62,62,62,62,62,63,63,63,63,64,65,65,66,67,68,68,69,70,71,72,73,75,77,78,79,80,81,82,83,83,84,85,86,87,88,89,90,90,91,91,91,92,92,93,93,94,95,95,96,96,97,97,97,98,99,100,100,101,102,103,103,104,105
Riverside, CA,13,68,68,68,67,67,67,67,67,68,68,68,68,68,68,69,69,69,70,70,71,71,72,73,74,75,75,75,75,75,76,76,76,77,77,78,78,79,80,80,81,81,82,83,83,83,84,84,85,86,87,88,89,89,89,90,91,92,92,93,94,96,97,98,99,99,100,101,102,103,104,106,106,107,109,110,112,113,114,116,118,119,121,123,125,126,128,130,132,134,137,140,143,146,149,152,157,161,165,170,175,180,184,188,191,195,197,201,204,207,209,213,217,221,225,229,233,236,239,242,243,244,246,246,245,245,244,243,242,241,238,237,236,234,233,231,229,226,223,220,216,212,207,203,198,192,187,181,176,171,166,160,155,150,146,142,138,134,131,128,126,124,123,121,121,121,121,122,122,122,122,122,120,120,119,120,120,119,118,117,118,117,117,115,114,113,113,112,112,113,113,114,114,113,114,115,117,118,119,120,122,123,125,127,129,132,136,139,142,145,148,151,153,155,156,157,158,160,161,162,163,164,165,166,167,168,168,168,169,170,171,172,173,174,175,176,177,178,178,178,179,180,181,183,184,185,186,187,187,188
Phoenix, AZ,14,61,61,61,62,62,62,62,63,63,63,63,63,64,65,65,65,65,65,65,66,66,67,68,68,68,68,69,69,69,69,70,70,70,71,71,72,73,73,73,74,74,75,75,75,76,76,77,78,78,79,79,79,79,79,80,80,81,81,82,82,82,83,83,83,84,84,84,84,85,86,86,86,87,87,87,88,88,88,89,89,90,91,91,91,92,92,92,93,93,94,94,95,95,96,97,98,98,99,100,101,103,105,108,111,113,116,119,122,127,132,137,142,148,153,157,160,162,164,165,165,166,166,166,166,165,164,164,163,163,162,161,160,159,158,158,156,155,154,152,151,149,146,144,141,138,136,133,131,129,126,124,121,119,119,118,116,114,112,110,107,105,102,101,100,98,97,96,95,94,94,93,92,90,88,87,86,85,84,83,83,82,80,78,77,77,77,78,78,78,79,80,81,82,84,86,88,90,92,94,95,97,98,99,100,102,104,105,107,109,111,113,114,115,116,116,115,115,115,115,116,116,116,117,117,118,118,119,120,121,121,122,123,123,125,126,127,127,128,129,129,129,130,131,132,132,133,134,135,135
Seattle, WA,15,90,90,89,90,90,90,90,90,91,91,92,92,93,94,95,96,96,97,98,99,100,100,101,101,102,103,103,104,105,106,107,108,109,109,110,111,112,113,113,114,115,116,117,118,119,120,121,121,122,123,123,124,125,125,126,126,126,127,128,128,129,130,131,131,131,132,133,133,133,134,135,135,135,136,136,136,136,137,138,138,139,139,140,141,141,141,141,142,143,144,144,145,146,147,148,150,151,153,154,155,157,158,159,161,163,164,166,169,171,173,176,179,182,184,187,190,193,195,197,199,202,205,208,210,211,213,215,217,219,220,221,222,223,224,224,224,224,225,224,223,222,221,219,217,215,213,211,210,208,206,204,202,199,197,195,193,190,187,185,183,182,181,180,180,179,178,178,177,176,176,174,172,170,168,167,166,164,162,160,158,157,156,155,154,152,151,150,149,149,149,150,150,150,151,151,151,152,153,154,156,158,159,159,160,162,164,167,169,172,173,174,175,176,178,179,181,181,182,183,184,185,186,187,188,190,190,192,193,196,199,201,203,204,207,208,209,211,213,215,218,221,223,227,230,231,233,236,237,236
Minneapolis-St Paul, MN,16,84,84,85,85,85,84,85,86,86,87,88,88,88,88,88,88,89,89,89,90,90,91,92,92,93,93,93,93,94,95,95,96,97,97,98,100,100,101,103,104,105,107,108,109,110,112,113,114,115,117,118,119,121,122,124,125,126,128,129,130,132,134,135,136,137,139,140,141,142,143,144,145,146,147,148,149,151,152,153,154,155,157,157,159,160,161,162,164,165,166,167,168,169,170,171,171,172,174,175,177,177,178,179,180,181,182,183,185,185,186,187,188,188,189,189,190,190,191,191,191,192,192,191,191,190,190,190,190,189,189,189,189,188,187,185,183,183,182,182,180,178,177,176,174,172,170,168,167,165,164,162,161,160,159,158,157,155,154,154,153,152,151,151,150,149,148,146,145,145,145,145,145,144,142,141,140,140,139,138,136,135,134,132,131,130,129,129,127,126,126,126,127,128,129,130,131,132,133,135,136,137,138,140,141,142,143,144,146,147,147,148,150,151,152,153,154,155,155,156,156,157,158,158,159,159,159,160,161,162,162,163,163,164,165,166,166,167,168,169,170,171,172,173,173,174,176,177,179,180
San Diego, CA,17,105,105,105,104,103,103,103,103,103,104,104,105,105,105,105,106,107,108,108,109,110,111,112,113,114,115,116,117,118,120,121,121,122,123,124,125,127,128,129,130,131,132,133,135,137,139,140,142,144,146,149,151,153,155,157,159,160,162,164,167,169,170,172,174,176,177,179,181,182,185,187,189,191,195,198,202,205,209,214,218,221,225,228,231,234,236,238,241,244,248,253,258,262,268,274,280,288,297,306,314,320,324,328,331,333,336,339,341,342,342,343,344,345,346,347,347,347,347,347,347,347,346,344,341,339,337,335,333,332,330,328,326,325,322,320,318,315,311,309,306,301,295,289,283,277,272,268,264,259,254,250,246,242,239,236,234,231,229,227,226,226,226,226,226,228,230,232,233,234,234,234,233,232,232,230,229,228,227,226,226,224,222,220,218,216,215,215,215,215,215,216,216,217,219,221,222,224,227,230,233,237,240,243,247,252,257,262,267,272,276,278,279,280,281,283,285,286,286,288,289,290,291,292,293,294,296,297,299,300,301,302,304,306,309,311,313,314,315,317,318,320,322,324,327,329,329,331,333,334
St. Louis, MO,18,64,64,64,63,64,64,64,64,64,65,65,66,66,66,66,67,67,67,67,68,68,68,68,69,69,70,70,70,70,70,71,71,71,72,72,73,73,74,75,75,76,76,76,77,77,78,78,79,79,80,80,81,81,82,82,83,83,84,84,85,85,85,86,87,87,88,88,89,89,90,90,91,91,92,93,93,94,94,95,95,96,96,97,97,98,99,99,100,100,101,102,103,104,104,104,103,104,104,104,105,105,106,107,107,108,108,110,110,111,111,112,112,113,113,114,115,115,116,116,116,116,117,117,117,118,118,119,119,119,119,120,121,121,121,121,120,119,118,118,117,117,117,116,116,115,115,115,115,114,114,114,113,113,112,111,111,110,109,108,108,108,108,108,107,108,108,108,108,108,108,108,107,107,106,106,105,104,104,103,103,102,102,101,101,101,100,100,100,100,99,98,98,98,98,98,98,99,99,99,99,99,99,99,99,99,99,99,99,100,100,100,101,101,101,101,101,101,101,101,102,102,102,102,103,103,103,103,103,104,104,105,105,105,106,106,107,107,108,108,109,110,111,111,111,112,113,114,114,115
Tampa, FL,19,50,50,51,50,50,49,49,50,50,49,50,51,52,52,51,52,52,53,52,52,53,53,54,54,55,54,55,55,55,55,56,56,56,56,57,57,58,58,58,58,59,59,59,60,61,62,62,63,63,64,64,64,65,65,66,66,67,67,68,68,69,69,70,70,71,71,72,73,73,74,74,74,74,75,76,77,78,78,79,80,80,81,81,82,83,84,85,85,85,86,87,88,89,89,91,92,93,94,95,97,99,100,103,104,106,108,110,113,115,117,119,122,125,128,130,133,136,138,139,141,143,144,144,144,144,144,144,143,142,140,140,138,137,136,135,133,132,130,129,127,126,123,120,118,116,115,113,110,108,106,104,102,101,100,98,97,95,93,93,91,90,89,88,87,87,88,88,87,87,85,85,84,84,83,82,82,80,79,77,77,76,75,75,74,74,73,73,73,73,73,73,74,74,75,75,75,75,75,76,77,77,78,79,81,81,83,84,85,86,87,88,90,90,91,91,92,92,93,93,93,94,95,96,96,97,97,98,99,100,100,101,102,103,104,105,107,108,109,109,110,111,111,112,113,114,116,117,118,118
Baltimore, MD,20,82,82,82,82,82,82,82,82,82,82,83,83,83,82,82,82,82,81,82,82,82,82,83,83,84,84,84,84,84,84,83,83,84,84,84,84,85,85,85,85,86,86,87,87,88,88,89,89,89,90,90,91,91,91,92,92,93,93,94,94,95,95,96,96,97,97,98,99,100,101,102,103,103,104,105,107,107,109,110,111,112,113,115,116,117,118,120,121,123,125,126,128,129,131,133,135,137,140,142,145,147,150,152,155,157,160,163,165,168,171,174,177,180,183,185,187,189,191,193,195,196,197,198,199,199,199,200,200,199,199,199,199,199,199,199,198,197,197,196,195,194,193,192,190,189,189,187,185,184,183,181,180,179,178,177,176,174,173,172,171,171,170,170,170,170,171,171,170,170,170,169,168,167,166,165,164,163,162,160,160,159,158,157,157,157,156,155,154,153,153,153,154,153,153,153,153,154,154,155,155,156,156,157,158,158,159,159,160,160,160,161,161,162,162,162,162,163,164,164,165,166,166,166,167,166,166,166,166,166,166,166,167,167,168,168,169,169,169,169,169,170,171,171,171,170,171,172,172,173
Denver, CO,21,86,86,87,87,87,88,88,89,89,90,90,91,91,91,92,92,93,93,94,95,95,96,97,97,97,98,99,99,100,100,101,101,102,104,105,106,107,109,110,112,113,115,116,117,118,120,121,122,123,125,126,127,129,130,132,133,135,136,138,139,140,141,142,142,143,144,144,144,144,145,145,146,146,147,147,148,148,148,149,149,149,150,150,150,150,150,149,150,150,150,150,150,150,151,151,152,152,152,153,153,153,153,153,154,154,154,154,155,155,155,156,156,156,157,157,157,158,158,158,158,158,158,158,157,157,157,157,157,157,157,156,156,156,156,155,155,155,155,154,153,153,152,151,150,150,150,149,149,149,148,147,146,145,144,142,141,141,141,140,140,140,140,141,140,142,144,146,146,146,145,144,144,144,143,143,143,142,141,141,140,140,140,139,138,138,138,138,138,138,138,139,139,140,141,142,144,145,146,147,148,149,150,151,152,153,155,156,158,159,160,161,162,163,164,165,167,168,170,171,173,174,175,177,179,181,183,185,188,191,193,194,196,198,200,202,205,207,209,211,212,213,215,217,218,220,221,223,225,227
Pittsburgh, PA,22,52,52,52,51,52,51,51,51,52,52,53,53,53,53,53,53,54,53,53,53,54,54,55,55,55,55,55,54,55,55,55,55,55,56,56,57,57,57,57,56,57,57,57,57,58,58,59,59,59,59,59,60,59,60,60,60,60,61,61,61,61,62,62,62,63,63,63,63,63,63,64,65,65,65,65,66,66,66,66,66,66,67,67,67,68,68,68,69,69,69,70,70,70,70,70,70,70,70,71,71,71,72,73,73,73,74,74,74,74,75,75,75,75,75,75,75,76,76,76,76,76,76,76,76,76,76,76,76,76,77,77,77,78,79,79,79,79,79,79,79,79,78,79,79,79,79,78,78,78,78,78,78,78,79,79,79,78,77,77,77,77,78,78,78,79,80,81,81,82,82,81,81,82,81,81,81,82,81,81,81,81,82,82,82,82,82,82,82,83,83,82,82,82,82,82,82,82,83,83,83,84,84,83,83,84,84,84,85,85,85,85,85,85,85,85,85,86,87,87,88,88,88,88,88,89,89,89,90,90,91,91,91,92,92,93,93,94,95,95,96,96,96,97,97,98,98,98,99,99
Portland, OR,23,89,89,90,90,91,91,92,92,93,93,94,95,96,96,97,97,98,98,99,100,100,101,102,102,102,102,102,101,102,102,103,103,103,104,104,104,104,104,104,104,104,104,104,104,104,105,105,105,106,106,107,108,108,108,108,108,108,109,110,110,110,111,111,111,111,111,111,112,112,113,114,114,115,115,115,115,116,117,118,118,119,120,120,120,121,121,121,122,123,123,124,124,125,125,126,127,128,129,131,132,133,134,135,137,139,140,141,143,146,148,150,153,156,158,161,165,167,169,171,173,175,177,179,180,181,182,184,185,186,187,187,188,188,188,188,188,188,187,187,186,185,184,183,182,181,180,179,178,177,175,173,171,170,168,167,166,164,163,161,160,159,159,158,157,157,156,156,156,156,155,153,151,149,148,147,146,146,145,144,142,140,139,139,138,138,137,136,136,136,134,134,135,136,136,137,138,139,140,141,142,143,144,144,146,148,150,152,154,156,157,158,159,160,162,162,163,164,165,167,168,169,170,171,173,174,175,175,176,178,180,182,185,187,190,192,194,195,200,208,213,216,216,213,212,214,216,218,220,221
Charlotte, NC,24,57,57,57,57,58,58,59,59,60,60,60,61,61,62,63,64,64,65,65,65,65,65,66,66,67,67,68,68,69,69,70,70,71,70,71,71,72,72,72,73,73,73,73,73,74,74,75,75,75,76,76,76,76,76,76,76,77,77,78,78,78,78,78,78,78,78,78,79,79,80,80,80,79,80,80,80,80,81,80,80,80,80,80,81,81,81,81,80,81,81,81,81,81,81,81,82,82,83,83,83,82,83,83,83,83,83,83,84,84,85,85,85,85,86,86,86,87,87,88,88,88,88,89,89,90,90,90,91,91,92,92,93,93,94,94,95,95,95,95,95,96,96,96,96,96,95,94,94,94,94,93,92,92,91,91,90,90,90,89,88,88,88,88,87,88,88,87,87,87,87,86,86,86,85,85,85,85,84,83,83,83,83,82,82,82,82,82,81,81,81,81,81,81,81,81,81,81,82,82,82,83,83,84,84,84,85,85,85,85,85,86,86,87,87,87,88,88,88,88,89,89,89,89,89,90,90,90,91,91,91,92,92,92,92,93,94,94,95,95,96,96,97,97,98,98,99,100,101,101
Sacramento, CA,25,81,82,82,82,82,82,82,82,82,82,82,83,83,83,83,83,84,84,84,84,84,86,87,87,87,87,88,88,88,88,89,90,90,91,91,92,92,92,93,93,95,96,96,97,98,100,102,103,104,105,106,106,107,108,110,111,113,114,116,117,120,122,123,125,127,128,129,130,132,133,135,136,138,139,141,143,144,146,148,151,153,156,158,160,162,164,166,167,169,172,174,177,179,182,185,188,191,195,200,204,209,214,218,223,227,230,233,237,241,244,247,250,253,255,257,258,259,259,259,258,256,255,254,252,249,247,244,243,240,238,236,234,233,231,229,226,223,220,216,213,210,206,201,196,192,188,185,182,179,176,174,171,168,168,167,165,163,161,158,156,154,152,151,149,147,146,145,144,143,143,141,140,139,138,137,135,133,132,131,129,128,127,125,124,124,124,123,123,123,122,121,122,123,124,124,125,127,128,130,132,135,137,140,142,145,149,153,156,159,162,164,167,168,170,171,173,174,175,175,176,177,177,178,179,180,180,181,182,184,186,187,188,189,190,191,193,195,196,197,199,200,201,202,204,205,207,208,210,211
San Antonio, TX,26,,,,,,,,,,,,,,,,,,,,,,,,,,,,,,,,,,,,,,,,,,,,,,,,,,,,,,,,,,,,,,,,,,,,,,,,,,,,,,,,,,,,,,,,,,,,,,,,,,,,,,,,,,,,,,,,,,,,,,,,,,,,,,,,,,,,,,,,,,,,,,,,,,,,,,,,,,,,,,,,,,,,,,,,75,75,75,74,74,74,74,73,73,73,73,74,74,74,74,73,73,73,72,72,72,71,72,72,72,72,73,72,72,72,72,72,72,72,73,73,73,73,74,74,75,75,75,75,75,76,76,77,77,77,78,78,79,79,79,80,80,80,81,81,82,82,83,83,84,85,85,85,86,86,87,87,88,88,89,89,90,91,91,91,92,92
Orlando, FL,27,56,56,56,56,56,56,56,56,55,56,57,57,57,57,58,58,58,59,59,59,60,60,60,60,60,61,60,60,60,61,61,61,62,62,62,63,63,64,64,65,65,65,66,66,66,67,67,67,68,68,69,69,70,70,70,71,71,72,72,73,73,74,74,75,75,76,76,77,77,78,78,78,79,79,80,80,81,81,82,83,83,84,84,85,85,86,86,87,87,88,89,89,90,91,92,93,94,95,96,98,100,101,103,105,107,109,111,114,117,121,124,128,132,136,139,143,146,148,151,153,155,156,157,157,157,157,157,157,156,155,155,154,153,152,150,148,146,145,144,142,139,136,133,130,127,124,121,119,116,113,111,108,106,105,105,104,102,100,97,96,95,93,92,91,90,90,89,87,86,84,84,84,83,82,81,80,79,78,77,77,76,76,75,75,74,73,72,72,72,73,72,73,74,74,75,75,76,78,79,80,81,81,82,83,84,85,87,88,89,91,92,94,95,95,96,97,97,98,98,98,98,98,99,100,100,100,101,102,102,103,104,104,105,106,107,107,108,108,109,110,111,112,113,113,114,114,115,117,119
Cincinnati, OH,28,65,65,66,66,66,66,66,66,67,67,68,68,68,68,68,68,68,68,69,69,70,70,71,71,71,72,72,71,72,72,73,72,73,73,73,73,73,74,74,75,75,76,75,76,76,76,77,77,78,78,78,78,78,79,79,79,80,80,81,81,81,81,82,81,81,82,82,83,82,82,83,83,84,83,84,85,86,86,86,86,86,87,87,88,88,88,88,89,89,90,89,90,90,91,91,91,91,91,92,91,92,92,92,93,93,94,94,94,94,95,95,95,95,94,95,95,96,96,96,96,96,96,96,96,96,96,96,96,96,96,96,96,96,96,96,95,95,95,95,95,94,94,94,93,92,91,91,90,90,90,90,89,89,88,88,88,88,88,87,87,86,86,86,86,86,86,87,87,87,87,87,86,86,86,85,85,85,84,84,84,83,83,83,83,83,83,84,84,84,83,83,83,83,83,83,83,83,83,83,83,84,84,84,84,84,84,84,84,84,84,84,84,84,85,85,85,86,86,86,85,85,86,86,86,86,87,87,88,88,88,89,89,90,90,90,91,92,92,93,93,93,93,94,94,95,95,95,96,97
Cleveland, OH,29,70,70,71,71,71,72,72,72,72,72,73,73,74,74,74,74,74,75,75,75,75,76,76,77,77,77,77,77,78,77,77,78,79,78,79,79,80,80,80,80,80,81,81,81,81,82,82,83,83,83,84,84,84,85,84,84,84,85,85,85,85,85,86,85,86,86,87,87,87,88,88,88,88,88,89,89,88,89,89,89,89,90,90,91,91,90,91,91,92,92,93,93,94,94,94,94,95,95,96,96,96,96,96,97,97,97,97,97,97,98,97,98,98,98,98,98,98,99,100,100,99,99,98,98,98,98,98,97,97,96,96,96,96,96,95,95,94,93,93,92,92,91,91,90,89,89,88,88,88,87,87,87,87,87,87,87,87,87,86,85,85,85,85,86,86,85,83,83,83,82,82,82,83,82,81,81,80,80,80,80,80,79,79,79,78,78,77,77,76,76,76,76,77,78,77,78,78,78,78,78,78,78,79,79,78,79,79,79,79,79,79,79,80,80,80,81,81,81,81,81,81,81,81,81,81,81,81,81,81,81,82,82,82,83,83,83,84,84,85,85,85,85,86,86,86,86,87,88,88
Kansas City, MO,30,,,,,,,,,,,,,,,,,,,,,,,,,,,,,,,,,,,,,,,,,,,,,,,,,,,,,,,,,,,,,,,,,91,92,92,93,93,92,92,93,94,94,94,94,94,95,95,96,96,95,95,95,96,96,96,97,98,99,99,100,100,99,99,100,100,100,100,101,102,102,103,103,103,104,104,104,104,104,104,103,101,100,100,100,101,101,101,101,101,101,101,102,102,102,102,102,103,104,104,104,104,103,103,104,104,104,103,102,101,100,100,100,101,101,101,101,101,101,101,102,102,102,103,103,103,102,102,102,102,102,102,103,101,98,97,96,96,96,95,95,94,94,94,93,93,94,94,93,93,93,92,92,91,91,90,90,91,91,90,90,91,91,90,90,89,89,89,89,89,90,90,90,90,89,89,90,90,90,90,90,90,91,92,92,92,92,92,92,93,93,93,93,94,95,95,95,96,97,97,97,98,98,99,99,99,100,100,101,102,103,103,103,104,104,105,105,105
Las Vegas, NV,31,75,75,75,75,74,74,74,75,76,75,76,76,77,77,77,76,77,77,77,77,77,78,78,78,78,78,78,78,79,79,79,79,79,80,80,80,80,80,80,80,80,80,81,81,82,82,83,83,83,83,84,84,85,85,85,85,86,86,87,88,88,88,89,89,89,90,90,91,91,92,93,93,94,94,94,95,95,95,96,97,98,98,99,101,102,102,102,103,104,106,108,110,113,116,119,123,129,135,141,148,153,157,160,163,165,166,168,169,170,172,174,175,176,178,180,181,183,185,186,187,187,187,188,188,188,188,187,186,186,185,184,182,180,179,178,176,174,172,170,168,166,163,158,155,151,147,142,138,135,131,127,122,118,115,113,109,105,102,97,93,90,88,86,85,83,81,80,80,80,79,79,78,78,77,77,76,76,75,74,74,72,71,70,69,68,68,68,68,67,67,67,68,68,69,69,71,72,73,74,75,77,79,80,82,84,86,89,92,94,96,97,98,100,101,101,102,103,104,104,105,105,106,107,107,108,108,108,109,110,111,111,112,113,113,114,115,115,116,116,117,118,119,120,122,123,123,124,125,125
Columbus, OH,32,69,69,69,68,68,69,69,69,69,70,70,70,70,70,71,70,70,71,71,71,70,71,71,71,72,72,71,72,72,73,73,73,74,74,75,75,75,76,76,76,77,76,77,77,78,78,78,79,79,80,80,80,81,80,81,81,82,82,82,82,82,83,83,84,83,84,84,84,85,85,85,85,85,86,86,86,87,87,87,88,88,89,89,89,89,90,90,90,90,91,91,91,91,92,92,92,93,93,93,93,94,94,94,94,94,95,95,96,96,97,97,96,96,96,97,97,97,96,97,97,97,97,97,96,96,96,96,96,95,96,96,95,95,95,94,95,95,95,95,95,95,95,94,93,92,92,91,91,91,91,91,90,90,90,90,90,90,90,89,89,88,88,88,88,89,90,90,90,90,90,89,89,89,88,88,87,87,86,86,86,86,86,86,86,85,84,84,84,83,83,83,84,84,84,84,84,84,84,84,84,84,84,84,84,85,86,86,86,87,87,88,90,90,91,91,91,91,91,91,92,92,93,93,93,93,94,94,94,95,97,98,98,99,99,100,100,100,100,100,101,101,101,101,101,102,103,103,104,105
Indianapolis, IN,33,55,57,57,57,58,58,58,58,58,58,58,58,57,58,58,59,61,61,61,62,62,63,63,64,64,65,65,64,64,65,65,65,65,66,66,66,66,67,67,66,67,67,67,67,67,67,68,68,69,68,69,69,70,70,70,70,71,74,75,75,76,75,75,75,76,76,75,75,76,75,76,76,76,76,77,77,77,77,76,76,76,77,77,77,76,76,77,77,78,78,78,79,79,79,78,79,79,80,80,81,81,81,82,82,82,83,83,84,84,85,85,85,85,85,85,85,84,84,84,83,84,83,84,84,84,84,83,83,83,83,83,83,82,82,82,83,83,83,82,83,83,82,82,83,83,82,82,81,81,81,80,79,79,78,78,77,77,76,75,75,75,75,74,74,75,78,79,79,78,79,79,79,78,78,79,78,78,77,77,77,77,76,76,76,76,76,76,76,75,74,74,74,74,74,74,74,75,76,75,76,76,75,76,76,76,76,76,76,77,76,76,77,77,77,77,77,78,78,79,79,79,79,79,80,80,81,81,81,81,81,82,82,81,81,80,81,81,80,80,80,80,80,80,80,81,81,81,82,82
San Jose, CA,34,160,160,160,161,161,162,163,164,166,168,170,171,173,174,176,179,182,185,187,190,193,195,197,199,200,202,203,205,206,208,210,212,213,215,216,217,219,220,223,227,231,236,241,247,252,258,264,272,281,290,296,302,307,313,319,325,330,334,336,337,337,335,332,329,326,323,321,317,313,312,312,315,319,325,330,334,336,337,338,338,338,337,336,335,334,333,333,333,335,337,339,341,344,349,355,359,363,367,373,379,384,390,396,401,407,413,420,426,433,440,446,451,457,461,465,468,470,471,472,473,472,471,470,469,470,471,472,474,477,479,481,483,483,482,482,481,480,478,475,472,468,462,454,448,442,435,429,422,416,411,405,400,396,394,391,386,381,376,372,368,365,363,363,362,363,368,372,373,374,373,372,371,370,370,370,370,368,363,358,354,352,352,354,356,356,355,355,354,352,351,352,355,358,363,369,375,382,389,396,403,408,413,418,424,432,442,450,456,459,461,463,466,470,475,479,483,487,491,495,498,503,509,513,518,524,530,536,543,551,558,566,573,579,585,589,593,596,601,607,614,619,619,617,615,615,617,620,621,623
Austin, TX,35,,,,,,,,,,,,,,,,,,,,,,,,,,,,,,,,,,,,,,,,,,,,,,,,,,,,,,,,,,,,,,,,,,,,,,,,,,,,,,,,,,,,,,,,,,,,,,,,,,,,,,,,,,,,,,,,,,,,,,,,,,,,,,,,,,,,,,,,,,,,,,,,,,,,,,,,,,,,,,,,,,,,,,,,100,100,100,100,99,99,98,98,97,97,98,98,98,98,98,98,97,96,96,96,96,96,97,97,97,98,98,98,99,99,99,99,99,100,101,101,102,103,104,104,105,106,107,107,108,109,110,111,112,113,114,114,115,116,116,117,117,118,119,120,121,123,125,125,126,127,128,129,129,130,131,132,133,134,135,136,137,138,138,139,139,140
Virginia Beach, VA,36,61,61,61,61,61,61,60,60,59,60,60,61,61,61,61,61,60,61,61,61,61,62,62,62,62,62,62,61,62,62,62,62,62,62,63,63,64,64,64,64,65,64,65,65,65,66,66,67,67,67,67,68,67,68,68,68,68,69,69,70,70,71,71,72,72,72,72,73,73,74,74,74,75,75,76,76,77,77,78,79,80,80,81,82,83,83,84,84,85,86,87,88,90,91,93,94,95,97,98,100,103,105,107,109,111,113,115,117,120,122,125,127,129,131,133,135,137,138,139,140,141,142,143,144,144,144,144,145,145,145,146,147,147,147,147,147,147,147,147,147,147,146,145,144,144,143,143,142,141,141,140,139,138,137,137,136,136,135,134,134,134,134,133,133,134,135,135,134,133,132,132,131,129,128,128,127,127,126,125,125,125,124,124,123,123,122,121,121,121,120,120,120,120,119,119,119,119,119,119,119,120,120,120,120,120,120,120,121,121,121,121,121,121,121,121,121,121,121,122,122,122,123,123,124,124,124,124,124,124,124,124,124,124,124,124,124,125,125,125,125,125,126,126,127,127,127,128,128,129
Nashville, TN,37,54,55,55,55,56,56,57,57,58,58,58,58,59,60,60,60,61,61,62,62,63,63,64,64,65,66,66,67,67,68,68,68,69,69,70,69,70,69,69,69,69,70,70,71,70,71,71,71,71,72,72,72,72,72,73,73,74,74,73,73,73,74,74,74,74,75,75,75,75,74,75,76,77,76,77,77,77,77,77,77,78,78,78,79,78,79,78,79,79,79,79,79,80,80,81,81,81,82,82,82,82,83,83,84,84,84,84,85,85,86,86,87,87,88,88,89,90,90,91,91,92,93,93,94,94,95,96,96,97,97,97,97,97,98,98,98,98,98,98,98,98,98,98,97,97,97,96,96,96,96,96,96,96,95,95,95,95,95,94,94,94,93,93,93,94,93,93,93,93,92,92,92,92,92,91,91,90,90,90,90,90,89,89,89,88,88,88,88,88,88,88,88,88,89,89,89,89,90,90,90,91,91,92,92,93,92,93,93,94,94,94,95,95,96,96,96,97,97,98,98,99,99,99,100,101,101,101,102,103,103,104,104,105,106,107,107,108,110,110,111,112,113,114,115,116,117,119,120,121
Providence, RI,38,81,81,81,81,81,81,80,80,81,81,82,82,83,83,83,83,83,82,83,83,83,83,84,85,85,86,86,86,86,86,87,87,87,88,89,89,90,90,91,92,92,93,94,95,96,97,98,100,100,101,102,103,103,105,106,107,108,109,110,111,112,114,116,118,119,121,122,124,126,128,129,131,132,134,137,139,141,144,148,150,151,153,155,157,160,162,164,166,168,171,173,175,177,179,181,183,185,187,189,191,194,196,199,200,202,204,206,208,209,210,211,212,212,213,213,214,214,214,213,213,214,214,214,213,212,211,209,209,209,208,206,205,204,203,202,201,200,198,197,196,196,195,193,191,188,186,184,182,180,178,176,174,172,171,170,169,169,168,167,167,167,166,166,165,165,165,165,166,166,165,164,164,163,162,161,159,158,158,158,158,157,156,155,154,153,153,153,152,151,150,149,148,148,148,148,148,148,148,149,150,150,151,151,151,152,153,154,154,155,155,156,156,157,158,157,157,157,157,158,159,160,160,160,161,162,163,163,163,164,165,166,167,168,169,169,170,170,171,171,172,173,174,175,176,177,178,180,181,182
Milwaukee, WI,39,,,,,,,,,,,,,,,,,75,75,76,76,76,75,75,76,76,76,77,77,77,78,78,78,79,78,78,79,79,80,80,81,81,82,82,83,83,83,83,83,84,85,86,86,87,87,88,88,88,89,89,90,90,91,91,92,92,93,93,94,94,94,95,95,95,96,97,98,98,99,100,102,103,103,104,104,105,106,106,107,108,108,108,109,109,110,110,111,112,113,114,115,116,117,118,118,119,120,121,121,122,123,124,124,125,126,127,128,128,128,129,130,130,130,130,130,130,129,129,129,129,129,129,129,129,130,130,129,128,128,128,127,127,127,127,126,125,125,124,123,123,123,122,121,120,120,119,118,117,116,115,114,114,114,114,114,115,116,115,114,114,114,114,114,113,112,111,110,108,107,107,107,106,106,105,105,105,105,105,104,104,103,102,101,101,102,101,101,100,100,100,100,101,101,102,103,103,104,104,104,104,105,105,105,105,104,104,104,104,105,105,105,105,105,105,105,106,107,107,108,108,109,109,109,109,110,110,110,110,110,110,111,111,112,113,115,116,116,117,117,118
Jacksonville, FL,40,53,53,53,53,53,53,53,54,54,54,54,54,55,54,54,54,54,55,55,56,56,56,57,57,56,57,57,57,57,57,57,58,58,58,59,59,59,60,60,60,61,61,61,62,62,63,63,64,64,64,64,65,65,66,65,66,66,67,67,68,68,68,69,69,70,70,70,71,71,72,72,73,73,74,74,74,75,75,76,77,77,78,78,79,79,80,80,81,82,82,83,84,85,85,86,87,88,89,90,91,92,93,94,95,97,97,99,101,103,105,106,108,109,111,112,115,116,118,119,120,122,123,124,125,125,126,126,126,126,125,125,124,124,123,123,121,121,120,119,118,118,117,116,114,113,111,110,109,108,107,105,104,103,102,102,102,101,100,99,98,98,97,96,95,95,94,94,93,92,91,90,90,88,87,86,86,85,84,83,82,81,80,79,79,78,78,77,77,77,76,76,76,76,76,77,77,76,77,77,78,78,78,79,80,81,82,82,83,84,85,86,86,87,88,88,89,89,89,90,90,90,90,90,91,91,91,91,92,93,93,94,94,95,96,96,97,97,98,98,98,99,99,100,100,101,101,102,103,103
Memphis, TN,41,51,50,51,51,51,51,51,51,51,52,52,52,52,51,52,52,52,52,53,53,54,54,55,55,56,56,55,56,56,56,56,56,57,57,58,58,58,58,59,58,58,59,59,60,59,60,60,60,60,61,61,60,61,61,61,61,61,62,62,62,62,62,63,63,64,63,63,63,63,64,64,64,64,63,63,64,63,63,63,63,64,64,64,64,64,64,65,64,65,65,65,65,66,66,66,66,66,66,66,66,66,67,67,68,68,69,69,70,70,69,69,70,70,71,71,71,71,70,71,71,72,72,73,73,74,74,75,75,75,75,74,74,74,73,73,73,73,72,72,72,72,72,71,71,70,70,70,70,69,69,69,68,68,69,70,70,70,70,70,70,69,68,68,68,69,70,70,69,69,69,69,68,68,68,67,67,66,66,65,65,65,65,65,65,65,65,66,66,65,65,65,65,64,64,63,64,64,64,64,64,64,64,64,64,65,64,65,65,65,65,65,65,65,65,65,65,66,66,66,66,66,66,67,67,67,67,67,66,67,67,67,67,68,69,69,70,70,70,70,70,69,70,70,70,71,72,72,73,74
Oklahoma City, OK,42,44,43,44,44,45,45,45,44,44,44,45,45,45,45,46,45,45,45,46,46,46,46,46,47,47,48,48,47,47,48,48,49,49,50,50,50,50,49,50,50,51,50,51,51,51,51,51,52,52,53,53,52,53,53,54,53,53,54,54,55,55,55,55,55,56,56,56,55,55,56,56,57,56,57,57,57,57,58,57,58,58,59,58,59,59,60,60,60,60,60,60,61,61,62,61,62,62,63,63,63,63,64,64,64,65,65,66,66,65,66,66,66,67,67,68,68,69,68,69,69,70,70,70,70,70,70,70,70,70,70,70,70,71,71,71,71,72,71,71,71,71,71,71,72,72,72,72,71,71,72,72,73,72,72,71,72,72,72,72,71,71,71,71,71,72,74,75,75,75,75,75,75,75,75,75,76,76,75,75,74,75,75,75,74,74,74,74,75,75,74,75,75,75,75,75,74,74,74,74,75,75,74,75,75,74,75,75,75,75,75,75,76,76,75,76,76,77,77,76,77,77,77,77,77,78,78,79,80,80,81,81,82,82,83,83,84,84,85,84,85,85,86,86,86,86,87,87,88,88
Louisville-Jefferson County, KY,43,64,64,64,64,65,64,65,65,65,65,66,66,67,67,67,67,67,68,68,68,69,69,70,70,69,70,70,71,70,71,71,72,71,72,72,73,73,73,74,74,74,75,75,75,76,76,76,77,77,78,78,78,79,79,78,79,79,79,80,80,81,81,82,81,82,82,83,82,82,82,82,82,83,83,84,84,84,84,84,83,84,84,84,85,85,85,85,85,86,85,86,86,87,88,88,89,89,89,89,89,89,90,90,91,91,91,91,92,92,92,92,93,93,93,94,93,93,93,93,92,93,93,93,93,92,92,92,92,92,93,93,94,94,94,94,94,94,95,94,94,94,94,94,95,95,95,95,94,94,94,94,93,93,94,94,94,94,94,93,93,93,93,93,94,93,93,92,93,93,94,94,93,92,92,91,91,92,92,91,91,91,91,91,91,91,91,91,91,91,91,91,91,91,91,90,90,90,91,91,92,91,91,91,91,91,91,91,92,92,92,92,92,93,93,94,95,95,95,95,95,95,95,95,95,95,96,97,97,97,97,98,98,99,99,99,100,100,101,101,101,102,103,103,104,105,105,106,107,108
Hartford, CT,44,80,80,80,80,80,80,80,80,81,81,82,82,82,82,82,82,82,82,82,82,83,83,84,84,85,85,85,85,85,86,86,86,87,87,88,88,89,89,90,90,91,91,92,93,93,94,95,96,97,98,99,99,100,101,101,102,103,104,104,105,106,107,107,108,108,109,110,111,112,112,113,114,115,116,117,118,119,120,121,122,124,125,127,127,128,129,129,130,131,132,133,134,135,136,137,139,140,141,143,144,146,147,148,149,150,151,152,153,154,156,157,158,159,160,162,163,163,163,164,164,165,166,166,166,166,167,167,167,166,167,167,167,167,168,168,167,168,168,167,166,165,164,163,163,162,162,161,161,161,160,159,159,158,158,157,156,155,154,153,152,151,151,151,151,152,153,153,153,153,153,152,152,151,151,150,150,149,148,147,146,144,145,145,144,144,142,142,141,141,141,141,141,141,141,140,139,139,139,139,140,140,141,141,141,142,142,141,141,142,142,143,143,143,143,143,143,142,142,142,143,143,143,142,141,140,140,140,141,142,142,142,143,143,142,142,142,142,142,141,142,142,142,142,143,143,143,143,144,144
Richmond, VA,45,60,60,61,61,60,60,60,60,61,61,62,62,62,62,61,62,62,62,62,63,63,64,63,64,64,65,65,64,65,65,65,65,65,66,66,67,67,67,68,68,68,68,69,69,69,70,70,71,71,71,72,72,72,72,72,73,73,74,74,74,75,75,75,76,76,77,77,77,78,78,79,79,79,80,80,81,81,82,82,83,83,84,84,84,85,85,86,87,87,87,88,89,90,91,92,93,93,94,95,96,98,99,100,101,102,104,105,106,108,109,110,111,113,114,116,117,118,118,119,121,122,123,124,124,125,126,127,127,128,129,129,129,128,129,129,129,129,129,130,130,129,129,129,129,129,129,128,128,127,126,125,124,123,123,122,121,121,120,120,119,118,118,118,117,117,116,115,115,114,113,113,112,111,110,109,109,108,108,108,107,107,106,105,105,105,105,104,104,104,104,104,103,103,103,103,103,103,103,103,104,104,104,105,106,106,107,106,107,107,107,107,107,108,108,107,107,108,108,108,108,108,109,110,110,110,110,110,111,111,112,112,113,113,113,113,113,113,114,114,114,115,115,116,116,117,118,118,119,120
New Orleans, LA,46,,,,,,,,,,,,,,,,,,,,,,,,,,,,,,,,,,,,,,,,,,,,,,,,,,,,,,,,,,,,,,,,,,,,,,,,,,,,,,,,,,,66,67,68,70,72,73,74,74,74,73,73,74,75,77,79,81,82,83,83,84,83,83,83,83,83,83,85,86,87,88,88,89,89,89,89,90,91,91,92,93,94,95,95,95,95,94,94,94,94,95,96,96,97,97,97,97,97,97,96,94,93,94,94,94,95,95,95,96,96,97,97,98,98,99,99,100,100,100,100,101,100,100,100,100,100,100,100,100,100,99,99,98,98,98,97,97,96,96,96,96,96,96,96,96,96,96,96,97,97,97,96,95,94,94,95,96,96,96,96,96,95,95,94,94,94,94,95,95,96,96,96,97,98,99,100,101,100,100,100,100,99,99,99,98,99,99,100,100,102,103,102,102,102,102,102,102,103,103,104,103,104,105,105,105,105,106,107
Buffalo, NY,47,,,,,,,,,,,,,,,,,,,,,,,,,,,,,,,,,,,,,,,,,,,,,,,,,,,,,,,,,,,,,,,,,,,,,,,,,,,,,,,,,,,,,,,,,,,,,,,,,,,,,,,,,,,,,,,,,,,,,,,,,,,,,,,,,,,,,,,,,,,,,,,,,,,,,,,,,,,,,,,,,81,80,80,80,81,82,83,83,83,83,82,82,82,82,84,85,84,83,82,82,83,84,84,84,84,84,83,83,83,82,82,83,83,82,82,83,84,84,84,84,84,83,84,85,86,86,86,87,87,88,88,88,87,88,88,89,89,89,89,90,92,92,92,93,93,92,91,91,91,92,92,93,94,95,95,97,97,97,96,97,97,98,98,98,99,99,100,102,103
Raleigh, NC,48,72,72,72,72,72,73,73,74,74,74,74,75,75,76,76,76,76,77,77,78,78,78,79,79,80,80,80,80,80,81,81,82,81,81,82,82,83,83,83,84,84,84,84,84,85,85,86,86,86,86,87,86,87,87,87,86,87,88,88,87,88,88,88,89,88,88,88,89,89,89,89,90,90,90,90,90,90,90,90,91,90,90,90,90,90,90,90,89,90,90,90,90,91,91,91,92,93,93,93,93,93,93,94,94,94,94,95,96,96,96,96,97,97,98,98,99,99,99,100,100,101,101,102,102,103,103,104,104,105,105,106,107,107,108,108,107,108,108,108,108,108,109,108,108,108,108,107,108,108,108,107,107,107,105,105,105,104,104,104,104,104,104,104,103,104,104,104,104,104,104,103,103,103,103,103,102,102,102,101,101,101,100,100,99,99,98,98,99,99,99,99,100,100,100,99,99,99,99,99,99,100,100,101,101,101,101,102,102,102,103,103,103,104,104,105,105,105,105,106,106,106,106,107,107,108,108,108,109,110,110,111,111,111,112,112,113,113,113,113,114,115,116,116,117,118,118,119,119,120
Birmingham, AL,49,54,54,54,55,55,55,55,54,55,55,55,56,56,56,57,57,58,58,59,58,58,59,59,60,59,59,60,60,61,61,61,61,62,61,61,62,62,63,62,62,63,63,64,64,64,65,65,66,65,65,65,65,66,66,66,67,66,67,67,68,67,68,68,69,69,69,69,69,70,69,69,69,70,70,71,70,70,70,70,71,70,71,71,72,72,72,73,73,74,74,73,74,75,75,75,74,75,74,75,75,75,76,76,76,76,76,77,78,79,79,80,80,81,81,82,82,83,83,84,84,85,85,85,84,84,84,84,85,85,85,85,85,85,85,85,85,86,87,87,87,86,86,86,86,86,86,86,85,85,84,84,83,83,83,84,83,83,83,83,82,82,82,82,82,82,82,82,81,81,80,79,79,79,79,79,79,78,78,78,78,78,78,79,78,78,78,77,77,77,77,77,77,76,76,76,77,77,77,76,76,76,76,76,75,76,77,77,77,78,78,78,78,78,78,78,78,78,78,77,77,77,77,77,77,78,78,78,78,79,79,79,79,80,80,80,80,81,81,81,81,82,82,82,82,82,83,84,84,85
Salt Lake City, UT,50,96,96,97,98,99,100,100,100,100,101,102,103,103,104,104,105,106,106,106,106,106,106,107,108,108,108,109,109,110,110,110,111,111,112,112,112,113,113,114,114,114,115,117,120,121,122,122,122,122,122,123,123,123,123,123,123,124,124,124,124,125,125,126,126,126,126,126,127,126,126,127,127,127,127,128,128,128,129,129,129,128,129,128,128,127,126,126,127,127,127,126,126,126,126,126,127,127,128,129,129,130,130,130,130,130,130,131,132,133,135,136,138,140,141,142,143,145,147,149,151,154,156,159,161,164,168,172,176,179,183,186,189,191,193,194,195,196,197,198,199,201,202,201,200,199,199,198,197,196,196,195,194,193,193,192,191,189,188,187,184,179,175,172,170,166,159,156,155,154,152,150,149,147,146,145,143,142,141,140,139,138,136,134,133,133,132,131,130,130,130,129,129,129,128,129,129,129,130,130,131,132,133,134,135,137,138,139,141,144,145,147,148,149,151,152,152,152,153,153,154,155,156,157,157,157,158,159,160,160,161,162,163,164,165,166,167,168,170,171,172,173,175,176,176,178,179,180,181,182
Rochester, NY,51,61,61,61,61,61,62,62,62,61,62,62,62,62,62,61,62,62,62,61,62,62,63,63,63,63,63,63,62,62,61,61,61,61,62,62,62,63,62,63,63,63,63,63,64,64,64,64,64,65,65,65,65,65,66,66,66,66,67,67,67,67,67,68,68,68,68,68,68,68,69,70,70,70,70,70,70,70,70,71,71,71,71,71,71,72,72,71,71,72,72,72,73,73,74,74,74,74,74,74,75,75,75,75,75,76,76,76,77,77,77,77,78,78,78,78,78,78,79,79,78,78,78,78,78,78,78,79,79,79,80,80,80,80,80,80,81,81,81,81,81,81,81,81,81,82,82,82,82,82,82,82,82,81,81,80,80,80,80,81,81,81,82,82,82,83,83,84,83,83,83,83,83,82,81,81,81,82,82,82,82,82,82,82,82,82,82,82,82,83,83,83,83,83,83,82,82,82,82,82,82,83,82,82,82,83,83,83,83,83,84,84,83,83,84,84,84,85,85,84,85,85,85,85,85,85,85,85,85,86,86,87,87,87,87,87,88,88,89,89,89,89,89,89,89,89,89,90,90,90
Grand Rapids, MI,52,55,56,56,57,57,57,57,57,58,58,59,58,58,58,59,59,59,59,59,60,61,61,62,63,64,65,65,65,65,66,67,67,67,68,68,68,68,68,69,69,70,70,71,71,72,72,73,73,74,74,74,75,75,75,76,77,78,78,79,79,79,80,80,80,80,80,80,80,80,80,81,82,82,82,82,83,83,84,84,84,84,84,85,85,86,86,86,86,86,86,87,88,89,89,89,89,89,89,89,90,91,91,91,91,91,92,92,92,93,93,94,94,94,94,93,93,93,93,94,94,94,94,93,93,93,92,92,92,92,92,92,92,91,91,90,89,89,88,88,88,87,87,86,86,86,85,85,84,84,84,84,82,81,80,79,78,77,76,75,74,74,74,74,73,74,74,74,74,74,74,73,73,72,72,72,72,71,71,70,70,69,69,69,68,68,68,68,68,68,67,67,68,68,69,69,70,70,71,71,72,72,73,73,74,74,75,75,76,77,77,78,78,77,78,79,79,80,81,81,82,83,83,83,83,84,84,85,86,86,87,87,88,89,89,90,91,91,92,93,93,94,95,95,97,98,99,100,101,102
Tucson, AZ,53,67,67,67,66,66,67,67,67,66,66,66,67,67,67,67,67,68,67,67,67,68,68,69,69,69,69,69,69,70,70,70,71,71,71,71,72,72,72,72,73,72,73,73,73,74,74,75,75,75,75,76,76,76,76,76,76,77,77,78,78,78,78,79,79,79,80,80,81,81,82,82,83,83,84,84,85,85,86,86,87,88,88,88,89,90,90,91,91,92,93,94,95,95,96,96,97,97,99,100,101,102,104,106,109,111,112,115,118,121,123,126,129,131,133,135,137,139,143,146,148,150,151,151,151,151,151,150,149,149,148,147,147,147,146,145,144,144,143,142,141,140,138,135,133,131,130,129,128,127,126,125,123,122,122,121,120,119,117,116,115,114,113,112,111,110,109,108,106,105,104,104,103,102,101,100,98,97,97,96,95,93,92,90,89,88,87,86,86,86,86,86,86,87,88,88,89,90,90,90,91,91,92,93,94,94,95,96,97,98,98,99,100,100,100,100,101,101,101,101,101,102,102,102,102,102,102,102,102,102,102,102,103,104,104,105,105,106,106,106,107,107,108,108,108,109,110,111,113,113
Urban Honolulu, HI,54,210,208,206,204,202,200,199,198,198,198,198,197,196,195,195,194,193,192,190,189,187,186,185,185,185,184,185,185,185,184,184,183,183,183,183,183,183,182,181,179,178,177,177,176,176,176,177,178,179,180,179,180,182,184,185,186,186,187,187,187,188,190,192,193,193,193,194,195,197,198,199,200,201,204,206,208,210,212,215,219,222,225,228,230,233,236,239,242,246,249,252,256,259,263,267,272,276,281,287,294,300,306,312,319,324,331,338,344,350,356,362,370,379,387,394,399,404,409,414,419,423,425,426,425,425,425,425,425,425,425,425,425,426,428,428,428,428,428,428,427,425,423,421,420,418,417,416,415,413,410,406,404,401,398,395,392,388,385,383,381,379,378,379,379,382,387,391,392,394,395,396,397,397,396,396,397,398,397,395,394,392,391,391,390,389,388,387,386,385,384,386,388,390,391,391,392,395,397,398,399,401,402,403,405,408,412,415,418,422,426,429,432,433,434,436,438,438,439,440,443,448,451,454,455,457,460,461,463,466,469,471,471,473,475,476,478,479,482,484,485,486,489,494,497,497,497,501,506,509
Tulsa, OK,55,44,44,44,44,44,43,44,44,44,44,45,45,45,44,45,45,46,45,46,46,46,46,46,47,47,48,48,47,48,48,48,49,49,50,49,50,50,51,51,52,52,52,52,52,52,53,53,53,53,53,53,53,54,55,56,55,55,56,56,57,57,57,58,58,58,57,57,56,57,57,57,57,57,57,57,58,57,57,57,58,58,58,58,59,59,59,58,58,58,58,59,59,60,60,60,60,60,60,59,60,60,61,62,62,62,62,61,62,62,62,63,62,62,62,62,63,63,63,64,64,64,63,64,64,65,64,64,64,64,63,63,64,64,64,64,65,64,65,65,65,65,64,64,65,65,65,64,64,64,65,65,65,65,64,64,65,65,65,64,64,64,65,65,65,66,68,69,69,69,70,69,69,69,70,70,71,71,70,70,70,69,70,69,69,69,69,68,69,69,68,68,69,69,69,69,68,68,69,68,69,69,70,69,69,69,70,70,70,70,71,71,70,70,69,69,70,70,69,70,70,70,70,71,71,70,71,71,73,73,74,74,75,75,76,76,76,77,77,78,78,78,78,78,78,78,79,79,80,80
Fresno, CA,56,63,63,63,63,63,63,63,62,62,61,61,61,62,62,62,62,62,62,61,61,62,62,62,63,62,62,62,62,62,62,62,62,62,62,63,64,64,64,64,64,64,64,64,64,65,66,66,66,67,67,67,67,67,68,69,69,69,70,70,71,71,72,73,74,74,75,75,76,76,76,78,79,80,81,82,83,84,86,87,89,90,91,92,94,95,97,99,101,103,105,107,110,112,114,116,118,121,124,128,131,135,138,141,144,147,150,154,158,161,165,168,172,175,178,181,185,188,189,190,191,191,192,191,190,189,188,186,185,184,182,180,178,177,176,174,172,170,168,166,164,162,159,156,152,149,146,143,140,136,133,130,127,124,124,124,122,120,118,116,114,113,112,110,109,107,105,104,103,103,102,102,102,101,100,99,98,97,96,95,94,93,92,90,89,88,88,87,87,86,85,86,86,87,87,88,89,90,91,93,94,96,96,96,97,98,100,102,103,105,106,107,109,111,113,114,115,115,115,115,116,117,117,118,119,120,121,121,121,121,122,123,124,125,125,126,126,126,126,127,128,129,130,131,132,132,133,134,135,136
Worcester, MA,57,74,74,74,74,74,74,74,74,74,75,75,76,76,76,76,77,77,77,77,77,78,79,79,80,80,81,81,82,82,83,83,84,84,84,85,86,87,88,88,89,90,90,91,92,93,94,96,97,98,99,100,101,102,103,105,106,107,109,110,111,113,114,115,117,118,120,121,121,122,124,125,127,128,129,130,132,133,134,136,137,139,141,142,144,145,147,148,149,150,151,152,153,154,156,157,158,159,160,162,163,165,167,169,170,171,172,174,176,177,178,179,179,180,181,182,182,182,183,182,182,182,182,181,180,179,178,178,177,176,175,175,175,175,174,173,173,172,171,170,169,168,166,164,162,160,159,157,156,155,154,153,152,151,150,149,148,146,145,144,144,145,145,145,145,145,146,146,146,147,147,147,147,145,143,142,142,141,139,139,139,139,139,138,138,138,137,135,134,134,135,135,135,135,134,133,133,133,133,132,131,132,133,133,133,134,136,137,139,140,141,142,142,141,141,141,141,140,140,140,140,139,141,143,145,145,145,145,146,146,146,146,147,147,147,147,148,150,151,151,151,151,152,153,154,155,156,157,158,159
Stamford, CT,58,118,118,118,117,117,117,117,116,117,117,118,118,118,119,119,120,120,121,121,122,123,123,125,126,126,127,128,128,129,130,130,131,132,133,134,135,136,138,139,140,141,143,144,145,147,148,150,152,153,154,156,158,159,160,162,163,165,167,169,170,172,173,175,176,178,180,182,184,185,186,188,191,193,194,196,199,201,202,204,206,208,210,212,214,216,217,219,220,222,224,226,228,230,232,234,236,238,242,245,247,250,253,256,258,261,263,265,268,270,272,274,276,278,279,281,282,283,285,286,287,286,286,285,285,284,284,284,284,284,283,282,282,281,280,279,279,279,278,278,277,275,273,272,271,269,267,264,262,259,256,253,250,248,246,244,242,240,238,236,234,233,233,233,233,233,233,232,231,229,228,226,226,226,226,224,223,222,221,220,220,221,220,219,217,215,213,212,211,210,208,206,205,204,204,205,206,206,207,207,208,209,210,211,211,211,212,213,215,216,215,215,215,215,215,216,217,219,221,223,223,222,221,221,222,222,222,222,222,222,223,224,224,225,226,226,224,224,224,223,223,224,224,223,221,221,222,223,224,224
Albuquerque, NM,59,64,63,64,64,65,65,64,64,64,64,65,65,65,64,65,65,66,66,65,66,66,67,67,67,67,67,67,67,67,68,68,68,68,68,69,69,69,69,69,69,69,70,69,69,69,69,70,70,71,71,70,70,70,70,71,71,71,72,72,72,72,72,72,72,73,73,73,73,73,74,74,74,74,74,74,74,74,75,75,75,75,76,76,76,75,76,76,76,77,77,76,77,77,78,78,78,79,78,78,79,79,80,80,80,81,81,82,83,83,84,84,85,86,87,88,89,90,92,93,94,96,97,99,100,101,102,103,104,106,107,107,107,108,108,108,109,109,109,109,109,108,108,107,107,106,106,105,105,105,105,105,105,105,105,104,104,104,104,103,102,101,100,100,100,99,98,97,97,96,96,95,94,94,93,92,91,90,90,90,89,88,87,86,86,85,85,84,84,83,83,83,82,82,82,82,82,82,82,82,82,83,83,83,83,83,82,82,83,83,83,83,83,84,84,84,84,84,84,84,84,84,84,84,84,85,85,85,86,86,86,86,87,87,87,87,87,87,88,88,88,88,89,89,89,89,90,92,94,94
